-- phpMyAdmin SQL Dump
-- version 4.8.5
-- https://www.phpmyadmin.net/
--
-- Хост: 127.0.0.1:3306
-- Время создания: Июл 08 2019 г., 22:51
-- Версия сервера: 10.3.13-MariaDB
-- Версия PHP: 7.1.22

SET SQL_MODE = "NO_AUTO_VALUE_ON_ZERO";
SET AUTOCOMMIT = 0;
START TRANSACTION;
SET time_zone = "+00:00";


/*!40101 SET @OLD_CHARACTER_SET_CLIENT=@@CHARACTER_SET_CLIENT */;
/*!40101 SET @OLD_CHARACTER_SET_RESULTS=@@CHARACTER_SET_RESULTS */;
/*!40101 SET @OLD_COLLATION_CONNECTION=@@COLLATION_CONNECTION */;
/*!40101 SET NAMES utf8mb4 */;

--
-- База данных: `catalog_book`
--

-- --------------------------------------------------------

--
-- Структура таблицы `authors`
--

CREATE TABLE `authors` (
  `id` int(11) NOT NULL,
  `name` varchar(255) NOT NULL
) ENGINE=InnoDB DEFAULT CHARSET=utf8;

--
-- Дамп данных таблицы `authors`
--

INSERT INTO `authors` (`id`, `name`) VALUES
(1, 'Петросян М.'),
(2, 'Оруэлл Д.'),
(3, 'Толстой Л.'),
(4, 'Пушкин А.'),
(5, 'Толкин Р.'),
(6, 'Роулинг Дж.'),
(7, 'Дойль А.К.'),
(8, 'По Э.А.'),
(9, 'Кинг С.'),
(10, 'Иванова И.'),
(11, 'Рамзи Г.'),
(12, 'Петров П.'),
(13, 'Королев С.'),
(14, 'Сидоров М.'),
(15, 'Михайлова И.'),
(16, 'Уэллс Г.'),
(17, 'Ломазофф А.'),
(18, 'Вербер Б.'),
(19, 'Коэльо П.'),
(20, 'Мураками Х.'),
(21, 'Паланик Ч.'),
(22, 'Бегбедер Ф.'),
(23, 'Пелевин В.'),
(24, 'Браун Д.'),
(25, 'Фрай М.'),
(26, 'Дюма А.'),
(27, 'Булгаков М.'),
(28, 'Данте Алигьери'),
(29, 'Достоевский Ф.'),
(30, 'Гюго В.'),
(31, 'Бронте Ш.'),
(32, 'Гёте И-В.'),
(33, 'Бронте Э.'),
(34, 'Уайльд О.'),
(36, 'Мартин Р.Р. Джордж'),
(37, 'Глуховский Д.'),
(38, 'Дуглас Адамс'),
(39, 'Ренсом Риггс'),
(40, 'Госс Дж.'),
(41, 'Стефани Майер'),
(42, 'Стругацкие А. и Б.'),
(43, 'Гиллиан Ф.'),
(44, 'Кестин Гир'),
(45, 'Хокинс П.'),
(46, 'Грейсмит Р.'),
(47, 'Лавкрат Г.'),
(48, 'Джексон Ш.'),
(49, 'Стокер Б.'),
(50, 'Дотри М.'),
(51, 'Пайснер Д.');

-- --------------------------------------------------------

--
-- Структура таблицы `book`
--

CREATE TABLE `book` (
  `id` int(11) NOT NULL,
  `title` varchar(255) NOT NULL,
  `author_id` int(11) NOT NULL,
  `year` int(4) NOT NULL,
  `genre_id` int(11) DEFAULT NULL,
  `price` float NOT NULL,
  `availability` int(11) DEFAULT NULL,
  `info` text NOT NULL
) ENGINE=InnoDB DEFAULT CHARSET=utf8;

--
-- Дамп данных таблицы `book`
--

INSERT INTO `book` (`id`, `title`, `author_id`, `year`, `genre_id`, `price`, `availability`, `info`) VALUES
(1, 'Дом, в котором', 1, 2009, 1, 15, 3, 'Юноша по кличке Курильщик ссорится со своей группой — образцово-показательными лицемерами и ябедами, и его переводят в другую. С этого момента и начинается его настоящее знакомство с Домом — интернатом для детей-инвалидов с более чем столетней историей, местом, полным тайн и мистики.\r\n<br><br>\r\n Вместе с Курильщиком читатель знакомится с обитателями Дома, с его правилами и с установившимися традициями. Узнаёт, что всех обитателей, даже воспитателей и директоров, зовут только по кличкам, что до выпуска осталось меньше года, а страх перед «Наружностью» — тем, что находится за пределами Дома — таков, что ни один выпуск не проходит спокойно. Предыдущий выпуск, семь лет назад, стал самым страшным в истории Дома — выпускники, разделённые на две группировки, утопили Дом в крови. Когда автор даёт возможность увидеть Дом глазами других воспитанников, оказывается, что существует параллельный мир, «изнанка дома». Что некоторые обитатели — Ходоки, они умеют уходить туда, исчезая в реальном мире, и возвращаться назад. А иных — Прыгунов — туда забрасывает, и вернуться они могут спустя дни и недели пребывания в коме в реальном мире, но прожив при этом многие годы там. Что директор не властен над воспитателем, воспитатель — над Слепым, а Слепой считает, что он не лидер в интернате, а лишь исполняет волю Дома. \r\n<br><br>\r\n С приближением развязки открывается всё больше неизвестного, и всё больше возникает вопросов. И главный вопрос для обитателей — уйти или остаться, ведь после этого выпуска Дом будет снесён. И одни выбирают уйти: уйти в наружность и навсегда остаться в том мире, где они родились. А другие — остаться: остаться с Домом и уйти в иной, принадлежащий только им мир. Может быть, не навсегда.'),
(2, '1984', 2, 1949, 1, 12, 2, 'Главный герой — Уинстон Смит — живёт в Лондоне, работает в Министерстве правды и является членом внешней партии. Он не разделяет партийные лозунги и идеологию и в глубине души сильно сомневается в партии, окружающей действительности и вообще во всём том, в чём только можно сомневаться.<br><br> Чтобы «выпустить пар» и не совершить какой-нибудь безрассудный поступок, ведёт дневник, в котором старается излагать все свои сомнения. На людях же притворяется приверженцем партийных идей. Однако опасается, что девушка Джулия, работающая в том же министерстве, шпионит за ним и хочет разоблачить его. В то же время полагает, что высокопоставленный сотрудник их министерства, член внутренней партии некий О’Брайен также не разделяет мнения партии и является подпольным революционером.  Однажды оказавшись в районе пролов (пролетариев), где члену партии появляться нежелательно, он заходит в антикварную лавку Чаррингтона. Тот показывает ему комнату наверху, и Уинстон мечтает пожить там хотя бы недельку. На обратном пути ему встречается Джулия. Смит понимает, что она следила за ним, и приходит в ужас. Он колеблется между желанием убить её и страхом. Побеждает страх, и он не решается догнать и убить Джулию.<br><br> Вскоре Джулия в министерстве передаёт ему записку, в которой она признаётся ему в любви. У них завязывается роман, они несколько раз в месяц устраивают свидания, но Уинстона не покидает мысль, что они уже покойники (свободные любовные отношения между мужчиной и женщиной, являющимися членами партии, запрещены партией). Они снимают комнатку у Чаррингтона, которая становится местом их регулярных встреч. Уинстон и Джулия решаются на безумный поступок: они идут к О’Брайену и просят принять их в подпольное Братство, хотя сами лишь предполагают, что он в нём состоит. О’Брайен их принимает и даёт им книгу, написанную врагом государства Голдстейном.'),
(3, 'Война и мир', 3, 1869, 2, 20, 5, 'В романе обилие глав и частей, большинство из которых имеют сюжетную законченность. Короткие главы и множество частей позволяют Толстому перемещать повествование во времени и пространстве и благодаря этому уместить в одном романе сотни эпизодов.<br><br>На правах друга Болконский убеждает Пьера не участвовать в кутежах, которые затевает Анатоль Курагин, сын князя Василия, доставляющий отцу немало хлопот своей разгульной жизнью. После возвращения из-за границы Пьер постоянно проводит своё время в компании Курагина, Долохова и других офицеров. Этот образ жизни не соответствует Безухову, обладающему возвышенной душой и добрым сердцем, но не имеющим твёрдого характера. Очередной разгул заканчивается тем, что Пьер был отправлен в Москву, Долохов разжалован в солдаты, а дело с Анатолем замял его отец. <br><br> Из Петербурга действие переносится в Москву, где в доме Ростовых празднуют именины графини Ростовой и её младшей дочери Наташи. Здесь мы знакомимся со всей семьей Ростовых: графиней Натальей Ростовой, её мужем графом Ильей Ростовым, их детьми: Верой, Николаем, Наташей и Петей, а также племянницей графини Соней. Обстановка в семье Ростовых противопоставляется приёму Шерер: здесь все проще, искренней, добрей. Здесь же завязываются две любовные линии: Соня и Николай Ростов, Наташа и Борис Друбецкой. '),
(4, 'Стихи', 4, 1888, 2, 10, 4, 'Александр Сергеевич Пушкин имеет репутацию великого или величайшего русского поэта, в частности, так его именуют «Энциклопедический словарь Брокгауза и Ефрона»[109], «Русский биографический словарь»[110], «Литературная энциклопедия»[111], энциклопедия «Кругосвет»[8], «Британская энциклопедия» («greatest poet»)[112]. В филологии Пушкин рассматривается как создатель современного русского литературного языка (см. например, работы В. В. Виноградова), а «Краткая литературная энциклопедия» (автор статьи С. С. Аверинцев) говорит об эталонности его сочинений, подобно произведениям Данте в Италии или Гёте в Германии. Д. С. Лихачёв писал о Пушкине как о «нашем величайшем национальном достоянии»[113].  Ещё при жизни поэта стали именовать гением, в том числе печатно[9]. Со второй половины 1820-х годов он стал считаться «первым русским поэтом» (не только среди современников, но и русских поэтов всех времён), а вокруг его личности среди читателей сложился настоящий культ[114]. С другой стороны, в 1830-е (после его поэмы «Полтава») имело место и определённое охлаждение части читающей публики к Пушкину[58].  Владимир Одоевский в некрологе на смерть Пушкина дал ему образное определение «Солнце нашей поэзии», которое стало крылатым выражением в форме «Солнце русской поэзии»[115]. В статье «Несколько слов о Пушкине» (1830-е) Н. В. Гоголь писал, что «Пушкин есть явление чрезвычайное и, может быть, единственное явление русского духа: это русский человек в его развитии, в каком он, может быть, явится чрез двести лет»[113]. Критик и философ-западник В. Г. Белинский назвал его «первым поэтом-художником России»[116]. Ф. М. Достоевский отмечал, что «в „Онегине“, в этой бессмертной и недосягаемой поэме своей, Пушкин явился великим народным писателем, как до него никогда и никто» и говорил о «всемирности и всечеловечности его гения»[113]. Самую ёмкую характеристику предложил Аполлон Григорьев (1859): «А Пушкин — наше всё»'),
(5, 'Властелин колец', 5, 1962, 3, 28, 5, 'Хоббит Бильбо Бэггинс, главный герой повести «Хоббит», уходит на покой и оставляет племяннику Фродо волшебное кольцо, делающее всякого своего носителя невидимым. От мага Гэндальфа Фродо узнаёт, что ему досталось не простое кольцо, а само Кольцо Всевластья, творение тёмного властелина Саурона, врага свободных народов Средиземья из страны Мордор, созданное, чтобы подчинить себе все прочие волшебные кольца.<br><br> Кольцо обладает собственной волей и способно продлевать жизнь владельца, одновременно порабощая его, искажать помыслы и вызывать у него желание обладать Кольцом. С помощью Кольца Саурон, побеждённый много лет назад, может вернуть себе утерянную силу. <br><br>Уничтожить Кольцо можно только одним способом — сбросив его в жерло Огненной Горы Ородруин в Мордоре, где оно и было выковано.  С друзьями-хоббитами Сэмом, Мерри и Пиппином Фродо отправляется в обитель эльфов — Ривенделл, чтобы избавиться от опасного подарка. Благодаря помощи лесного волшебника Тома Бомбадила герои добираются до селения Пригорье, где в таверне «Гарцующий пони» их ждёт проводник — следопыт Арагорн, более известный под прозвищем Странник. Хоббитов преследуют чёрные всадники-назгулы, призрачные слуги Саурона, чувствующие Кольцо на расстоянии. Хоббиты и Арагорн добираются до холма Заверти, где предводитель назгулов тяжело ранит Фродо в плечо моргульским клинком. С большим трудом и с помощью эльфа Глорфиндела, встреченного ими по дороге, героям удаётся достичь Ривенделла, где владыка эльфов Элронд исцеляет раненого хоббита.  В Ривенделл съезжаются представители разных народов и королевств (такие как люди, эльфы, гномы и пр.), чтобы обсудить, что делать с Кольцом. Гэндальф рассказывает о предательстве главы Ордена Истари, порабощённого Сауроном белого мага Сарумана, возжелавшего Кольцо для себя и вступившего в тайный союз с Мордором. Арагорн оказывается потомком королей Арнора и Гондора, чья династия, по пророчеству, должна вернуться на трон. Боромир, старший и самый любимый сын нынешнего правителя Гондора — Денетора II, предлагает использовать силу Кольца против врага. Гэндальф убеждает его, что Кольцо способно лишь творить зло и порабощать разум носителя.<br><br> Совет принимает решение попытаться уничтожить Кольцо в Ородруине, Фродо вызывается выполнить эту миссию. Гэндальф, Арагорн, Боромир, гном Гимли и эльф Леголас, а также трое остальных хоббитов берутся сопровождать Фродо. Так образуется Братство Кольца.'),
(6, 'Гарри Поттер', 6, 1980, 3, 20, 6, 'Родители Гарри Поттера, который является потомком младшего из братьев Певереллов, — волшебники — мракоборцы Лили (Эванс) Поттер и Джеймс Поттер.<br><br> Лучший друг Джеймса Поттера и его однокурсник, анимаг Сириус Блэк, стал крёстным отцом Гарри.  До рождения Гарри в 1980 году провидица Сивилла Трелони произнесла в беседе с главой Хогвартса Дамблдором пророчество о том, что в конце июля родится мальчик, родители которого три раза бросали вызов вступившему на путь зла бывшему ученику Хогвартса Волан-де-Морту, и который или сможет победить Тёмного Лорда, или погибнет от его рук. Под условия пророчества подходили Гарри Поттер и родившийся на день раньше сын мракоборцев Фрэнка и Алисы Невилл Долгопупс. <br><br>Лорд Волан-де-Морт, узнав о пророчестве от своего сторонника Северуса Снегга, решил уничтожить ребёнка, выбрав Гарри. Лили и Джеймс Поттеры использовали заклятие доверия, сделав Хранителем Тайны Сириуса Блэка, но в последний момент Блэку удалось уговорить семейную чету передать тайну укрытия Лили, Джеймса и Гарри, другому анимагу — Питеру Петтигрю, который предал их.  В следующем году вечером 31 октября Тёмный Лорд, узнав о местоположении Гарри, появился в Годриковой Впадине и напал на семью. Джеймс пытался защитить семью, но погиб от заклятия Авада Кедавра. По просьбе Северуса Снегга Тёмный Лорд собирался пощадить Лили, но она встала на его пути, защищая ребёнка. Тогда он убил и её.<br><br> Когда Волан-де-Морт попробовал убить Гарри, Древнее заклинание защиты Лили отразило заклинание, оставив только шрам на лбу Гарри и ударив по Волан-де-Морту, Это нейтрализовало его на тринадцать лет, в результате образовался последний крестраж, которым стал Гарри, получивший шрам в виде молнии на лбу. Это была первая попытка убить Гарри Поттера. Ребёнка забрал с места трагедии Рубеус Хагрид и оставил его на пороге дома родственников — семьи Дурслей.'),
(7, 'Рассказы о Шерлоке Холмсе', 7, 1887, 4, 15, 4, 'Ше́рлок Холмс — литературный персонаж, созданный Артуром Конаном Дойлом. Произведения Конана Дойла, посвящённые приключениям Шерлока Холмса, знаменитого лондонского «консультирующего» детектива, стали классикой детективного жанра. Прототипом Холмса считается доктор Джозеф Белл (Dr. Joseph Bell)[2], сослуживец Конана Дойла, работавший в Эдинбургском королевском госпитале и славившийся способностью по мельчайшим деталям угадывать характер, занятия и прошлое человека.  Шерлок Холмс, умный, благородный и справедливый борец со злом и защитник обиженных, стал всемирной культовой фигурой и персонажем фольклора.<br><br> В разных странах существуют десятки посвящённых ему обществ, музеев и памятников, почитатели пишут ему письма, романисты сочиняют продолжения его приключений, а книга рекордов Гиннесса называет Холмса «самым экранизируемым литературным героем». Гилберт Честертон назвал Холмса «единственным литературным персонажем со времён Диккенса, который прочно вошёл в жизнь и язык народа, став чем-то вроде Джона Булля или Санта-Клауса»'),
(8, 'Убийство на улице Морг', 8, 1841, 4, 20, 4, 'В 18… году в Париже рассказчик — безымянный герой, от лица которого ведётся повествование, — знакомится с месье С. Огюстом Дюпеном. Это ещё молодой человек, потомок знатного рода, по неназванным обстоятельствам потерявший практически всё семейное богатство и теперь вынужденный жить в строгой экономии, будучи в состоянии позволить себе только книги.<br><br> Рассказчику понравилось общество Дюпена, и он на время своего пребывания в Париже снимает дом, где они оба поселяются[17]. Более близкое знакомство с Дюпеном открывает, что тот обладает выдающимися аналитическими способностями[18].  В газетах начинают писать о двойном убийстве в доме на улице Морг вдовы мадам Л’Эспане и её дочери Камиллы Л’Эспане. Из сообщений прессы рассказчику и Дюпену становится известно, что убийства произошли в закрытой комнате на пятом этаже здания. Жители квартала услышали крики с улицы, сломали дверь в дом и нашли комнату, из которой кричали, но женщины уже были мертвы. Изувеченное тело мадам Л’Эспане выбросили из окна, но перед этим с такой силой перерезали горло бритвой, что при попытке поднять труп голова отвалилась.<br><br> Дочь мадам задушили, а тело спрятали в каминную трубу. Почти вся мебель в комнате была сломана, на уцелевшем стуле лежала окровавленная бритва. Кроме того, свидетели утверждают, что, находясь на лестнице, слышали через запертую дверь спорящие голоса, и уверяют, что убийц было двое. Один — француз, речь второго никто не понял; свидетели были разных национальностей, но все утверждали, что второй убийца говорил на языке, отличном от их родного'),
(9, 'Оно', 9, 1986, 5, 20, 6, 'Лето 1958 года. Небольшой городок Дерри в штате Мэн терроризирует загадочный серийный убийца, с нечеловеческой жестокостью умертвляющий детей. Семеро одиннадцатилетних ребят: Ричи Тозиер, Билл Денбро, Беверли Марш, Майк Хэнлон, Эдди Каспбрак, Бен Хэнском и Стэн Урис, — сталкиваются каждый по отдельности с загадочным злом — ужасающим монстром, способным принимать любые формы. <br><br>Объединившись в «Клуб Неудачников», дети решают найти и уничтожить чудовище, которое они называют Оно. Само существо принимает облик клоуна и называет себя Пеннивайз. Лидером «Неудачников» становится Билл Денбро, брат которого был убит Оно за год до этого. Кроме монстра, «Неудачников» преследует местный хулиган Генри Бауэрс со своими дружками, что, впрочем, ещё сильнее сплачивает друзей.  Противостояние заставляет «Неудачников» осознать многое.<br><br> Никто из взрослых не способен помочь им: перестав быть детьми, взрослые не способны представить, что убийца может не быть реальным человеком, они не могут даже видеть Оно. По-новому взглянув на свой родной город, «Неудачники» понимают, что их союз — нечто большее, чем просто дружба семерых детей. Конфронтация завершается в канализационных коллекторах глубоко под Дерри, где дети дают чудовищу бой. Получив серьёзные, но не смертельные раны, Оно убегает и впадает в спячку.<br><br> «Неудачники» дают клятву, что если когда-нибудь монстр вернётся, то они снова будут противостоять ему. Вернувшись к обычной жизни, дети забывают о случившемся, забывают друг о друге и со временем покидают Дерри.'),
(10, 'Мизери', 9, 1888, 5, 20, 3, '«Ми́зери» (англ. Misery) — роман американского писателя Стивена Кинга, написанный в жанре психологического триллера. Впервые опубликован в 1987 году издательством Viking Press.<br><br> В основе сюжета произведения лежат отношения двух героев книги — популярного писателя Пола Шелдона и психопатичной поклонницы Энни Уилкс. Попав в автомобильную катастрофу, Пол получает серьёзные увечья. Бывшая медсестра Энни привозит его в свой дом, где писатель получает дозы обезболивающего и лечение. Постепенно герой понимает, что он — узник, вынужденный потакать прихотям своей тюремщицы.  Название романа, в переводе означающее «Страдание», имело несколько смыслов. С одной стороны, именно это имя носила главная героиня книг Пола Шелдона; с другой, сам автор подобной эмоцией характеризовал своё состояние в период написания произведения. Историю создания «Мизери» Кинг излагает в своих литературоведческих мемуарах, упоминая, что образ Энни Уилкс и завязка истории пришли к нему во сне.  Роман был удостоен премии Брэма Стокера, а также номинирован на Всемирную премию фэнтези.<br><br> Критическое восприятие «Мизери» было положительным. Рецензенты хвалили Кинга за уход от классической мистической направленности его книг, а также особенно отмечали параллели с личной жизнью писателя и удачное исследование тематики взаимоотношений знаменитостей и их поклонников. Роман, занявший четвёртое место в списке бестселлеров года, был экранизирован в 1990-м году американским режиссёром Робом Райнером. Книгу многократно адаптировали в качестве театральных постановок, последняя из которых проходила при участии Лори Меткалф и Брюса Уиллиса.'),
(11, '100 лучших рецептов', 10, 2000, 6, 12, 10, 'Вкусный завтрак — залог насыщенного и продуктивного дня. А что, если вместо унылых «классических» завтраков в виде яичницы на скорую руку приготовить тосты с овощами и яйцом пашот? Или, может быть, выбрать картофельные панкейки со сметаной как альтернативу чаю с бутербродом? Зная, что на кухне ждет такой завтрак, ваши близкие захотят скорее проснуться и отведать аппетитное лакомство. А вы убедитесь в том, что завтрак — не просто прием пищи, а настоящая церемония. Добро пожаловать в хрустящее, ароматное, сытное и такое вкусное утро! \r\n<ul>\r\n<li>Тосты и сэндвичи</li>\r\n<li>  Блины, панкейки оладьи</li>\r\n<li>  Вафли  Кексы, слойки  </li>\r\n<li>Салаты  </li>\r\n<li>Каши и супы  Запеканки, фриттаты, пицца  </li></ul>'),
(12, 'Курс кулинарии', 11, 2005, 6, 25, 11, 'Вкусный завтрак — залог насыщенного и продуктивного дня. А что, если вместо унылых «классических» завтраков в виде яичницы на скорую руку приготовить тосты с овощами и яйцом пашот? Или, может быть, выбрать картофельные панкейки со сметаной как альтернативу чаю с бутербродом? Зная, что на кухне ждет такой завтрак, ваши близкие захотят скорее проснуться и отведать аппетитное лакомство. А вы убедитесь в том, что завтрак — не просто прием пищи, а настоящая церемония. Добро пожаловать в хрустящее, ароматное, сытное и такое вкусное утро! \r\n<ul>\r\n<li>Тосты и сэндвичи</li>\r\n<li>  Блины, панкейки оладьи</li>\r\n<li>  Вафли  Кексы, слойки  </li>\r\n<li>Салаты  </li>\r\n<li>Каши и супы  Запеканки, фриттаты, пицца  </li></ul> '),
(13, 'Профилактика болезней', 12, 1999, 7, 15, 13, 'В молодости о нас заботится природа. С возрастом природа предоставляет нам право и возможность самим заботиться о себе, и к зрелости каждый пожинает плоды своего труда. Как же сберечь здоровье?  Три кита — правильное питание, сохранение физической активности и бодрость духа.<br><br> Эта книга расскажет о некоторых способах продления физической активности, например, о скандинавской ходьбе, дыхательной гимнастике, правильном питании и его альтернативных видах.  Воспользуйтесь проверенными методиками и подарите себе чудо долгой, здоровой и активной жизни! '),
(14, 'Семейный медицинский справочник', 13, 2015, 7, 20, 15, 'В молодости о нас заботится природа. С возрастом природа предоставляет нам право и возможность самим заботиться о себе, и к зрелости каждый пожинает плоды своего труда. Как же сберечь здоровье?  Три кита — правильное питание, сохранение физической активности и бодрость духа.<br><br> Эта книга расскажет о некоторых способах продления физической активности, например, о скандинавской ходьбе, дыхательной гимнастике, правильном питании и его альтернативных видах.  Воспользуйтесь проверенными методиками и подарите себе чудо долгой, здоровой и активной жизни! '),
(15, 'Руководство по улучшению бизнес-процессов', 14, 2010, 8, 25, 5, 'Джон Свекла й Мітч Коген вирішили уважніше придивитися до цих мільярдерів, тому що отримати мільярд чи більше доларів завдяки створеній цінності — це неймовірний подвиг.<br><br> Провівши всеохопне дослідження й узявши чимало інтерв\'ю, автори зрештою дійшли висновку, що багато міфів, пов\'язаних із мільярдерами, — просто вигадка. Не можна сказати, що всі ці люди розумніші, більше працюють чи їм частіше усміхається фортуна, ніж їхнім одноліткам. Не всі вони генії-самородки, які перетинають фінішну лінію в мільярд доларів, коли їм заледве виповнилося двадцять років. Ні. Переважно вони справді створюють щось абсолютно й принципово нове.<br><br> Понад 80 відсотків мільярдерів, яких заторкнуло дослідження, заробили свої мільярди в галузях, де панує жорстка конкуренція.  '),
(16, 'Основы бизнес-анализа', 15, 2003, 8, 25, 4, 'Джон Свекла й Мітч Коген вирішили уважніше придивитися до цих мільярдерів, тому що отримати мільярд чи більше доларів завдяки створеній цінності — це неймовірний подвиг.<br><br> Провівши всеохопне дослідження й узявши чимало інтерв\'ю, автори зрештою дійшли висновку, що багато міфів, пов\'язаних із мільярдерами, — просто вигадка. Не можна сказати, що всі ці люди розумніші, більше працюють чи їм частіше усміхається фортуна, ніж їхнім одноліткам. Не всі вони генії-самородки, які перетинають фінішну лінію в мільярд доларів, коли їм заледве виповнилося двадцять років. Ні. Переважно вони справді створюють щось абсолютно й принципово нове.<br><br> Понад 80 відсотків мільярдерів, яких заторкнуло дослідження, заробили свої мільярди в галузях, де панує жорстка конкуренція.'),
(17, 'Всеобщая история мировой цивиллизации', 16, 1899, 9, 30, 8, 'Царственный род Османов столетиями властвовал над обширной территорией и миллионами человеческих жизней в Европе и Азии. Представители великой династии шесть долгих веков перекраивали облик мира. И пусть их триумфы давно отгремели, отзвуки знаменитого турецкого Барабана Победы слышны по сей день. А на повседневность нескольких десятков ныне существующих государств и населяющих их народов по-прежнему влияют былые подвиги и преступления султанов из рода Османа.\r\n<ul>\r\n<li> Армия: янычары, ятаганы и ядра.</li> \r\n<li>Султанский двор: правительство и кадровая политика.</li> \r\n<li> Величайшие правители и правительницы: Осман I, Баязид II Святой, Сулейман I Законодатель, Хюррем, Кёсем, Турхан.</li>\r\n<li>  Российская агрессия: русско-турецкие войны. </li>\r\n<li> Новые османы и младотурки.</li>\r\n</ul>'),
(18, 'Всемирная история войн', 17, 2010, 9, 25, 7, 'Царственный род Османов столетиями властвовал над обширной территорией и миллионами человеческих жизней в Европе и Азии. Представители великой династии шесть долгих веков перекраивали облик мира. И пусть их триумфы давно отгремели, отзвуки знаменитого турецкого Барабана Победы слышны по сей день. А на повседневность нескольких десятков ныне существующих государств и населяющих их народов по-прежнему влияют былые подвиги и преступления султанов из рода Османа.\r\n<ul>\r\n<li> Армия: янычары, ятаганы и ядра.</li> \r\n<li>Султанский двор: правительство и кадровая политика.</li> \r\n<li> Величайшие правители и правительницы: Осман I, Баязид II Святой, Сулейман I Законодатель, Хюррем, Кёсем, Турхан.</li>\r\n<li>  Российская агрессия: русско-турецкие войны. </li>\r\n<li> Новые османы и младотурки.</li>\r\n</ul>'),
(19, 'Империя ангелов ', 18, 2017, 1, 21, 5, '\"Империя ангелов\" - начало знаменитого \"Цикла о богах\".<br>\r\n\r\nМишель Пэнсон после смерти попадает в Рай и становится ангелом-хранителем для трех смертных.<br>\r\n\r\nВерить или не верить - это не важно.<br>\r\n\r\nВажно задавать все новые вопросы.<br>\r\n\r\n- Я хочу стать ангелом. <br>\r\n- Прекрасный выбор, ты не пожалеешь.<br>\r\n\r\nИзбавиться от необходимости рождаться снова и снова - самый лучший подарок, который только может получить человек...'),
(20, 'Алхимик', 19, 2014, 1, 18, 6, '\"Алхимик\" — самый известный роман бразильского писателя Пауло Коэльо, любимая книга миллионов людей во всем мире. В юности люди не боятся мечтать, все кажется им возможным. Но проходит время, и таинственная сила принимается им внушать, что их желания неосуществимы. \"Добиться воплощения своей Судьбы — вот единственная подлинная обязанность человека...\", — утверждает Пауло Коэльо. Этот, ставший культовым, роман-притча способен изменить жизнь своих читателей.'),
(21, 'Кафка на пляже', 20, 2019, 1, 28, 10, 'Я заметил, что на груди белой майки налипло что-то черное, по форме - вроде большой бабочки с раскрытыми крыльями... В мерцающем свете люминесцентной лампы стало понятно: это темно-красное кровавое пятно. Кровь свежая, еще не засохла. Довольно много. Я наклонил голову и понюхал пятно. Никакого запаха. Брызги крови - совсем немного - оказались и на темно-синей рубашке, где она была не так заметна. А на белой майке - такая яркая, свежая...<br>\r\n\r\nКошмарное странствие по лабиринтам души - в романе Харуки Мураками \"Кафка на пляже\".'),
(22, 'Бойцовский клуб', 21, 1994, 1, 22, 15, 'Это - самая потрясающая и самая скандальная книга 1990-х.<br>\r\n\r\nКнига, в которой устами Чака Паланика заговорило не просто \"Поколение Икс\", но - \"Поколение Икс\" уже озлобленное, уже растерявшее свои последние иллюзии.<br>\r\n\r\nВы смотрели фильм \"Бойцовский клуб\"?<br>\r\n\r\nТогда - читайте книгу, по которой он был снят!<br>'),
(23, '99 франков', 22, 2015, 1, 19, 10, 'Роман \"99 франков\" представляет собой остроумную сатиру на рекламный бизнес, дерзкое разоблачение безум ного и полного превратностей мира, в котором все презирают друг друга, где бездарно растрачиваются человеческие ресурсы... Роман Бегбедера провокационен, написан в духе времени и весьма полемичен. В свое время он стал настоящим событием литературного сезона, а его автор, уволенный накануне публикации из рекламного агентства, покинул мир рекламы, чтобы немедленно войти в мир бестселлеров.'),
(24, 'Священная книга оборотня ', 23, 2000, 1, 16, 8, 'А Хули - древнекитайская лиса-оборотень, ей две тысячи лет. Она не просто рассказывает историю своей жизни в Москве среди бесхвостых обезьян, но пишет Священную Книгу: \"Как считается, в ней будет раскрыта главная тайна оборотней. Каждый оборотень, который ее прочитает, сумеет пять раз понять эту тайну\". А Хули - мастер иллюзий, но однажды она встречает того, кто неподвластен ее гипнозу: волка-оборотня с удостоверением ФСБ...'),
(25, 'Инферно', 24, 2006, 1, 21, 4, '...Оказавшись в самом загадочном городе Италии - Флоренции, профессор Лэнгдон, специалист по кодам, символам и истории искусства, неожиданно попадает в водоворот событий, которые способны привести к гибели все человечество... И помешать этому может только разгадка тайны, некогда зашифрованной Данте в строках бессмертной эпической поэмы...'),
(26, 'Я иду искать', 25, 2003, 1, 24, 3, 'Это книга о любви, в которой следует быть нерасчетливым и беззащитным, о смерти, с которой надо уметь правильно обращаться, о силе отчаяния, горьком вкусе счастья и ослепительной харымурде всевластия. А еще о ботанике, музыке, географии и международной политике, как же без нее.<br>\r\n\r\nВ идеале эту книгу следует прочитать дважды: наяву и во сне, потому что некоторые ее эпизоды не могут быть пересказаны словами, зато присниться могут каждому; другой вопрос, удастся ли вспомнить их наутро, но надо стараться.'),
(27, 'Граф Монте-Кристо', 26, 1844, 2, 35, 3, 'Как и сто шестьдесят пять лет назад, \"Граф Монте-Кристо\" Александра Дюма остается одним из самых популярных романов в мировой литературе. К нему писали продолжения, его ставили на сцене, создавали мюзиклы, экранизировали, но и по сей день бесчисленные издания этой книги доставляют удовольствие новым и новым поколениям читателей. История молодого парижанина, которого приятели в шутку засадили в тюрьму, почерпнута автором в архивах парижской полиции. А из-под пера мастера выходит моряк Эдмон Дантес, мученик замка Иф. Не дождавшись правосудия, он решает сам вершить суд и жестоко мстит врагам, разрушившим его счастье. .В настоящем издании роман сопровождается полным комплектом иллюстраций французских художников XIX века к первым публикациям \"Графа Монте-Кристо\". В издание также включена история сапожника Франсуа Пико, взятая из криминальной хроники, послужившая прообразом сюжетных перипетий романа.'),
(28, 'Мастер и Маргарита', 27, 1920, 2, 23, 6, 'Томик Михаила Булгакова, стоящий на книжной полке, свидетельствует о хорошем вкусе читателя. Не случайно написанное этим автором без потерь пережило смерть советской литературы и сегодня читается как продолжение золотого фонда русской классики XIX века. В эту книгу вошли самый известный и по праву признанный лучшим произведением писателя роман \"Мастер и Маргарита\", а также одно из самых загадочных произведений Михаила Булгакова \"Театральный роман\" (авторское название - \"Записки покойника\"), сюжет которого во многом основан на конфликте писателя с главным режиссером Художественного театра К.С. Станиславским во время постановки пьесы \"Кабала святош\" во МХАТе. Книгу открывает предисловие известного булгаковеда М. О. Чудаковой, занимавшейся реконструкцией многих глав романа \"Мастер и Маргарита\".'),
(29, 'Божественная комедия', 28, 1321, 2, 24, 4, '\"Божественная Комедия\", ставшая вершиной творчества своего великого создателя и на все времена прославившая имя Данте Алигьери, является жемчужиной мировой литературы. Прошло более шести столетий со времени ее появления. И все же \"Комедия\", так называл свою поэму сам Данте, подчеркивая пройденный в ней путь от мрака и скорби к свету и радости, дышит такой жгучей страстностью, такой подлинной человечностью, что она и поныне в умах и сердцах своих читателей живет как полноценное создание искусства, как памятник высокого гения. В данный том вошла также \"Новая Жизнь\", написанная в стихах и прозе, которую можно считать одним из первых европейских автобиографических романов XIII века.\r\n\r\n'),
(30, 'Преступление и наказание', 29, 1866, 2, 32, 20, 'Одно из \"краеугольных\" произведений русской и мировой литературы, включенный во все школьные и университетские программы, неоднократно экранизированный роман Достоевского \"Преступление и наказание\" ставит перед читателем важнейшие нравственно-мировоззренческие вопросы - о вере, совести, грехе и об искуплении через страдание. Опровержение преступной \"идеи-страсти\", \"безобразной мечты\", завладевшей умом Родиона Раскольникова в самом \"умышленном\" и \"фантастическом\" городе на свете, составляет основное содержание этой сложнейшей, соединившей в себе несколько различных жанров книги. Задуманный как \"психологический отчет одного преступления\", роман Достоевского предстал перед читателем грандиозным художественно-философским исследованием человеческой природы, христианской трагедией о смерти и воскресении души.\r\n'),
(31, 'Собор Парижской Богоматери', 30, 1831, 2, 30, 4, '\"Собор Парижской Богоматери\" - знаменитый исторический роман Гюго. Именно благодаря его появлению мы с вами можем любоваться одним из самых красивых готических соборов в мире - в самом центре Парижа.<br> Гюго привлек внимание к собору своим произведением, причем сделал это намеренно, так как Нотр-Дам собирались снести. Автор и не скрывал, что главный герой его романа - сам собор Парижской Богоматери. Но читатель, несомненно, запомнит яркие образы этой книги - прекрасной цыганки Эсмеральды, благородного, доброго душой уродца Квазимодо, коварного священника, терзаемого запретными чувствами к Эсмеральде, и многие другие. Этот роман, как и поставленный по нему мюзикл, песни из которого мы все знаем чуть ли не наизусть, никого не оставит равнодушным.\r\n'),
(32, 'Братья Карамазовы', 29, 1888, 2, 26, 3, 'Последний, самый объемный и один из наиболее известных романов Ф.М.Достоевского обращает читателя к вневременным нравственно-философским вопросам о грехе, воздаянии, сострадании и милосердии. Книга, которую сам писатель определил как \"роман о богохульстве и опровержении его\", явилась попыткой \"решить вопрос о человеке\", \"разгадать тайну\" человека, что, по Достоевскому, означало \"решить вопрос о Боге\". Сквозь призму истории провинциальной семьи Карамазовых автор повествует об извечной борьбе Божественного и дьявольского в человеческой душе. Один из самых глубоких в мировой литературе опытов отражения христианского сознания, БРАТЬЯ КАРАМАЗОВЫ стали в XX веке объектом парадоксальных философских и психоаналитических интерпретаций.\r\n\r\nПодробнее: https://www.yakaboo.ua/brat-ja-karamazovy-1234495.html?gclid=Cj0KCQjwjYHpBRC4ARIsAI-3GkFkQXAXDMcVFfC9x2LPmw_gRtLG4isk0dxhlBl71CL5GQTZVYuOAzUaAtpXEALw_wcB'),
(33, 'Джейн Эйр', 31, 1847, 2, 23, 8, 'Даже не читая этого романа, вы наверняка слышали про Джейн Эйр. Скорее всего, вы смотрели фильм по этому роману. Надо сказать, что экранизаций \"Джейн Эйр\" очень много, одна из них - с Шарлоттой Генсбур в главной роли (режиссер - Франко Дзефирелли). Джейн Эйр давным-давно переросла свою героиню и стала почти что именем нарицательным. Многие девушки, наверное, мечтали бы повторить ее судьбу. Да, детство у нее было настоящим кошмаром. Да и молодость выдалась тяжелой. Пусть Джейн не так уж хороша собой, и жизнь ее вовсе не балует, но в конечном итоге она обретет свое счастье. Полный загадок, порой трагических поворотов сюжета, этот роман был и остается символом веры, надежды и любви.\r\n'),
(34, 'Фауст', 32, 1829, 2, 20.5, 5, 'Доктор Иоганн Фаустус – немецкий алхимик первой половины XVI века, чья слава «великого чернокнижника» была столь грандиозна, что народная молва создала о нем причудливую легенду. Это предание стало частью европейского фольклора и вдохновило множество писателей – как периода Ренессанса, так и современных, – но никому из них не удалось подняться до высот Гете. Фауст Гете – не просто человек, продавший душу дьяволу (хотя писатель полностью сохранил почти все сюжетные особенности легенды), а великий ученый, интеллектуал и гуманист, мечтающий о счастье всего человечества и неустанно ищущий пути его достижения. Он сомневается, совершает ошибки, терпит неудачи, но продолжает свой подвижнический труд. «Фауст» – произведение, которое Гете писал почти всю жизнь, при всей своей сложности, многоплановости, при всем том, что в нем нашли отражение и античные мифы, и немецкий фольклор, и философские идеи разного времени, и библейские сюжеты, – удивительно увлекательное чтение. И современный читатель, углубившись в «Фауста» и задумавшись над смыслом жизни и даже над судьбой всего человечества, точно не будет скучать.\r\n'),
(35, 'Грозовой перевал', 31, 1847, 2, 22.4, 4, 'В суждениях современников и потомков Эмили Бронте (1818–1848) не раз звучала мысль о том, что она гораздо в большей степени поэт, чем романист, а между тем в историю литературы писательница вошла прежде всего как автор знаменитого романа «Грозовой перевал». Его называли «романтичнейшим романом», «дьявольской книгой, объединившей все самые сильные женские наклонности», одним из самых лучших романов «по силе и проникновенности стиля». Чтение романа никого не оставляет равнодушным. Эта полная любви и ненависти история роковой страсти Хитклифа, приемного сына владельца поместья «Грозовой перевал», к дочери хозяина Кэтрин снова и снова находит своего читателя. Как и прежде, она влечет к себе, завораживая своей красотой и поражая глубиной проникновения автора в тайны человеческой души.\r\n'),
(36, 'Портрет Дориана Грея', 34, 1845, 2, 20.5, 10, 'Оскар Уайльд - великий английский писатель, снискавший славу блестящего стилиста, неподражаемого острослова, одной из самых ярких и неординарных личностей своего времени, человека, чье имя стараниями врагов и жадной до пересудов черни стало символом порочности. Его знаменитый роман \"Портрет Дориана Грея\" - самая успешная и самая скандальная из всех созданных Уайльдом книг - неподвластен времени и по праву считается шедевром английской литературы. Драматичная, парадоксальная, завораживающе-интригующая история Дориана Грея, ставшего жертвой собственного желания вечной жизни, несмотря на прошедшие с момента опубликования романа сто двадцать лет, до сих пор остается магнетически притягательной как для читателей, так и для режиссеров.'),
(37, 'Игра престолов', 36, 2002, 3, 40, 10, 'Перед вами - величественное шестикнижие \"Песнь льда и огня\". Эпическая, чеканная сага о мире Семи Королевств. О мире суровых земель вечного холода и радостных земель вечного лета. Мире лордов и героев, воинов и магов, чернокнижников и убийц - всех, кого свела воедино Судьба во исполнение древнего пророчества. О мире опасных приключений, великих деяний и тончайших политических интриг.'),
(38, 'Метро 2033', 37, 2006, 3, 15.6, 8, 'Третья мировая стерла человечество с лица Земли. Планета опустела. Мегаполисы обращены в прах и пепел. Железные дороги ржавеют. Спутники одиноко болтаются на орбите. Радио молчит на всех частотах. Выжили только те, кто, услышав сирены тревоги, успел добежать до дверей московского метро. Там, на глубине в десятки метров, на станциях и в туннелях, люди пытаются переждать конец света.<br>\r\n\r\nТам они создали себе новый мирок вместо потерянного огромного мира. Они цепляются за жизнь изо всех сил и отказываются сдаваться. Они мечтают вернуться наверх - однажды, когда радиационный фон от ядерных бомбардировок спадет. И не оставляют надежды найти других выживших..'),
(39, 'Автостопом по галактике', 38, 1992, 3, 27.6, 6, 'Книга начинается с того, что дом главного героя Артура Дента пытаются снести для постройки новой автодороги. Чтобы остановить снос, Артур ложится перед бульдозером, после чего прибывает его друг Форд Префект.<br>\r\n\r\nФорд рассказывает Артуру, что является пришельцем из окрестностей Бетельгейзе, и что планету Земля планируют уничтожить для постройки гиперпространственной дороги. Пытаясь спастись, друзья перемещаются на корабль инопланетной расы вогонов за мгновения до того, как те уничтожают Землю.<br>\r\n\r\nЗа незаконное проникновение их пытают поэзией вогонов (которая считается одной из худших во Вселенной), а затем выбрасывают в космос, где их подбирает корабль \"Heart of Gold\", украденный Зафодом Библброксом.<br>\r\n\r\nВместе с Триллиан и роботом Марвином Зафод разыскивает легендарную планету Магратея. Хотя Артур с сомнением относится к мероприятию, друзьям удаётся обнаружить планету.<br>'),
(40, 'Дом странных детей', 39, 2018, 3, 29.9, 15, 'Шестнадцатилетний Джейкоб с детства привык к рассказам своего деда о его юности на далеком уэльском острове, в приюте для странных детей: о чудовищах с тройными языками, о невидимом мальчике, о летающей девочке... Единственным побочным эффектом этих выдумок были ночные кошмары, мучившие подростка. Но однажды кошмар ворвался в его жизнь, убив деда наяву...'),
(41, 'Доктор Кто', 40, 1884, 3, 45, 10, 'Асхильда, юная девушка-викинг, погибла, спасая свою деревню от врагов. В награду за смелость Доктор воскрешает ее с помощью инопланетного устройства и дарит бессмертие.<br>\r\n\r\nС тех самых пор Асхильда ведет дневники о своей удивительной жизни. Она прожила дольше, чем стоило, и потеряла больше, чем способна вспомнить. В этой книге вы найдете лишь немногие из историй Асхильды - о тех ужасах, с которыми ей пришлось столкнуться, о сокровищах, которые ей довелось найти, и о битвах, в которых ей удалось победить.'),
(42, 'Фантастические твари и где они обитают', 6, 2000, 3, 29.9, 12, '6 новых фантастических тварей от Дж. К. Роулинг.<br>\r\n\r\nИздание проиллюстрировано черно-белыми картинками Томислава Томича.<br>\r\n\r\nКнига \"Фантастические твари и где они обитают\" есть практически во всех колдовских домах. Кроме того, она - обязательный учебник в школе колдовства и ведьминских искусств \"Хогварц\".<br>'),
(43, 'Сумерки', 41, 2004, 3, 15, 9, 'Книга, которая стала культовой для молодежи не только англоязычных стран, но и Франции, Испании, Скандинавии, Японии и Китая. Литературный дебют, который критики сравнивают с \"Интервью с вампиром\" Энн Райе и \"Темп, кто охотится в ночи\" Барбары Хэмбли.<br>\r\n\r\nВлюбиться в вампира...<br>\r\n\r\nЭто страшно?<br>\r\n\r\nЭто романтично...<br>\r\n\r\nЭто прекрасно и мучительно...<br>\r\n\r\nНо это не может кончиться добром - особенно в вечном противостоянии вампирских кланов, где малейшее отличие от окружающих уже превращает вас во врага...'),
(44, 'Пикник на обочине', 42, 1998, 3, 34.9, 15, '\"Пикник на обочине\" - одно из самых прославленных произведений братьев Стругацких, увлекательная история сталкеров - отчаянно смелых людей, на свой страх и риск снова и снова отправляющихся в место высадки пришельцев - аномальную Зону, полную опасностей и смертельных ловушек...'),
(45, 'Код да Винчи', 24, 2002, 4, 22.6, 10, 'Со времен выхода в свет Гарри Поттера еще ни одному автору не удавалось так мастерски вести за собой затаивших дыхание читателей к скандальной развязке!<br> \r\n\r\nНью-Йорк Таймс Бук Ревью <br>\r\n\r\nСекретный код скрыт в работах Леонардо да Винчи... \r\nТолько он поможет найти христианские святыни, дававшие немыслимые власть и могущество... \r\nКлюч к величайшей тайне, над которой человечество билось веками, может быть найден... \r\nВ романе \"Код да Винчи\" автор собрал весь накопленный опыт расследований и вложил его в главного героя, гарвардского профессора иконографии и истории религии по имени Роберт Лэнгдон. Завязкой нынешней истории послужил ночной звонок, оповестивший Лэнгдона об убийстве в Лувре старого хранителя музея. Возле тела убитого найдена зашифрованная записка, ключи к которой сокрыты в работах Леонардо да Винчи...'),
(46, 'Исчезнувшая', 43, 2014, 4, 18.5, 6, 'Все было готово для празднования пятилетнего юбилея супружеской жизни, когда вдруг необъяснимо пропал один из виновников торжества. Остались следы борьбы в доме, кровь, которую явно пытались стереть, - и цепочка «ключей» в игре под названием «охота за сокровищами»; красивая, умная и невероятно изобретательная жена ежегодно устраивала ее для своего обожаемого мужа.<br>\r\n\r\nИ похоже, что эти «ключи» - размещенные ею тут и там странные записки и не менее странные безделушки - дают единственный шанс пролить свет на судьбу исчезнувшей. Вот только не придется ли «охотнику» в процессе поиска раскрыть миру и пару-тройку собственных малосимпатичных тайн?\r\n<br>\r\nРоман экранизирован в 2014 году знаменитым Дэвидом Финчером («Бойцовский клуб», «Девушка с татуировкой дракона»). Фильм удостоен нескольких престижных премий, в том числе «Оскара» за лучшую женскую роль.'),
(47, 'Замок в облаках', 44, 1991, 4, 22, 3, 'Фанни Функе считает себя неудачницей: школу не окончила, с родителями поссорилась и фактически сбежала из дома, поступив на годовую практику в старинный швейцарский отель «Шато Жанвье», который все называют Замком в облаках.<br>\r\n\r\nПод Новый год в отеле яблоку негде упасть: сюда съехались сливки общества, в том числе семья загадочного русского олигарха, американский денежный мешок с многочисленными родственниками и специалист по драгоценным камням из Лондона, которого сопровождает обаятельный внук с замашками грабителя.\r\n<br>\r\nЧто привело их сюда? Действительно ли они те, за кого себя выдают? И главное - кому из них можно доверять? Пытаясь выяснить это, Фанни оказывается в эпицентре невероятных событий...'),
(48, 'Ангелы и демоны', 24, 1999, 4, 20.5, 8, 'Иллюминаты. Древний, таинственный орден, прославившийся в Средние века яростной борьбой с официальной церковью.<br>\r\n\r\nЛегенда далекого прошлого?<br>\r\n\r\nВозможно...<br>\r\n\r\nНо - почему тогда на груди убитого при загадочных обстоятельствах ученого вырезан именно символ иллюминатов?<br>\r\n\r\nПриглашенный из Гарварда специалист по символике и его напарница, дочь убитого, начинают собственное расследование - и вскоре приходят к невероятным результатам...'),
(49, 'Девушка в поезде', 45, 2008, 4, 19.9, 3, 'Джесс и Джейсон. Такие имена дала Рейчел \"безупречным\" супругам, за жизнью которых она день за днем наблюдает из окна электрички. У них, похоже, есть все, чего совсем недавно лишилась сама Рейчел, - любовь, счастье, благополучие... Но однажды, проезжая мимо, она видит, как в дворике коттеджа, где живут Джесс и Джейсон, происходит нечто странное, загадочное, шокирующее. Всего минута - и поезд опять трогается, но этого достаточно, чтобы идеальная картинка исчезла навсегда. А потом - Джесс пропадает. И Рейчел понимает, что только она, возможно, способна разгадать тайну ее исчезновения. Что делать? Примет ли полиция ее показания всерьез? И надо ли вообще ей вмешиваться в чужую жизнь?'),
(50, 'Зодиак', 46, 1996, 4, 23.9, 5, 'Документальный рассказ о страшном серийном убийце, скрывавшемся под именем Зодиак и терроризировавшем Америку с 1966 по 1981 год. Книга написана на основе журналистского расследования, предпринятого Робертом Грейсмитом.'),
(51, 'Зов Ктулху', 47, 2002, 5, 15, 10, '\"При жизни этот писатель не опубликовал ни одной книги, после смерти став кумиром как массового читателя, так и искушенного эстета, и неиссякаемым источником вдохновения для кино- и игровой индустрии; его называли \"Эдгаром По ХХ века\", гениальным безумцем и адептом тайных знаний; его творчество уникально настолько, что потребовало выделения в отдельный поджанр; им восхищались Роберт Говард и Клайв Баркер, Хорхе Луис Борхес и Айрис Мёрдок.<br>\r\n\r\nОдин из самых влиятельных мифотворцев современности, человек, оказавший влияние не только на литературу, но и на массовую культуру в целом, создатель \"Некрономикона\" и \"Мифов Ктулху\" - Говард Филлипс Лавкрафт.\"'),
(52, 'Кладбище домашних животных', 9, 1995, 5, 20, 5, 'Роман, который сам Кинг, считая \"слишком страшным\", долго не хотел отдавать в печать, но только за первый год было продано 657 000 экземпляров! Также роман лег в основу одноименного фильма Мэри Ламберт (где Кинг, кстати, сыграл небольшую роль).<br>\r\n\r\nКазалось бы, семейство Крид - это настоящее воплощение \"американской мечты\": отец - преуспевающий врач, красавица мать, прелестные дети. Для полной идиллии им не хватает лишь большого старинного дома, куда они вскоре и переезжают.<br>\r\n\r\nНо идиллия вдруг стала превращаться в кошмар. Потому что в окружающих их новое жилище вековых лесах скрывается НЕЧТО, более ужасное, чем сама смерть и... более могущественное.'),
(53, 'Сияние', 9, 1991, 5, 23, 16, 'Джек Торранс со своей семьей нанимается смотрителем на зимний период в отель \"Оверлук\". Предвкушая хороший отдых, превосходную еду, да и приличное пополнение семейного бюджета взрослые члены семьи даже не догадываются о тайнах, хранимых фешенебельным отелем...'),
(54, 'Кэрри', 9, 2000, 5, 22.5, 15, 'Маленький провинциальный городок в Новой Англии в одночасье становится \"мертвым городом\". На улицах лежат трупы, над домами бушует смертоносное пламя. И весь этот кошмар огненного Апокалипсиса - дело рук одного человека, девушки Кэрри, жалкой, запуганной дочери чудаковатой вдовы. Долгие годы дремал в Кэрри талант телекинеза, чтобы однажды проснуться.<br><br>\r\n\r\nИ тогда в городок пришла смерть...'),
(55, 'Призраки дома на холме', 48, 2014, 5, 29.9, 15, 'Впервые опубликованный в 1959 году роман Ширли Джексон \"Призрак дома на холме\" сразу был признан образцом мистического триллера. Популярность книги закрепили две экранизации - Роберта Уайза (1963) и Яна Де Бонта при участии Стивена Спилберга (1999). А теперь культовый роман вдохновил Netflix на одноименный сериал.<br>\r\n\r\nСтаринный особняк на холме приносит его обитателям одни несчастья. Никто не рискует здесь не то, что жить, даже оставаться на ночь - говорят, Хилл-хаус стал пристанищем привидений.<br>\r\n\r\nНо однажды тишину дома нарушает шумная компания: доктор Монтегю, исследователь паранормальных явлений; Теодора, его беззаботная помощница; Элинор, хрупкая девушка, не понаслышке знакомая с полтергейстами; и Люк - будущий наследник Хилл-хауса. Никто даже не подозревает, каким кошмаром обернется их поездка...<br>\r\n\r\nВ сборник также включен роман \"Мы живем в замке\" - психологический триллер о тайных войнах внутри одной человеческой души.'),
(56, 'Под куполом', 9, 1997, 5, 19.9, 4, 'История маленького городка, который настигла большая беда.<br>\r\n\r\nОднажды его, вместе со всеми обитателями, накрыло таинственным невидимым куполом, не позволяющим ни покинуть город, ни попасть туда извне.\r\n<br>\r\nЧто теперь будет в городке?<br>\r\n\r\nЧто произойдет с его жителями?<br>\r\n\r\nВедь когда над человеком не довлеет ни закон, ни страх наказания — слишком тонкая грань отделяет его от превращения в жестокого зверя. Кто переступит эту грань, а кто — нет?'),
(57, 'Дракула', 49, 1745, 5, 25.5, 10, '\"Дракула\" Брэма Стокера дал западной культуре образ необычайной символической силы: виртуозно изображенный заглавный персонаж сошел со страниц романа и начал самостоятельную жизнь в массовом сознании. Так возник один из самых популярных мифов XX века - миф о вампиризме. Хотя \"Дракула\" - далеко не первое повествование о вампирах, именно оно стало подлинной классикой жанра и его эталоном. Одно из главных произведений английской литературы ужаса впечатляет неожиданными и нетривиальными поворотами сюжета, эротическими подтекстами, изображением кошмаров и чудес, зыбкостью границ между жизнью и смертью, реальным и фантастическим.'),
(58, 'Ужас в музее', 47, 2000, 5, 15.9, 8, 'Говард Филлипс Лавкрафт, не опубликовавший при жизни ни одной книги, сделался маяком и ориентиром целого жанра, кумиром как широких читательских масс, так и рафинированных интеллектуалов, неиссякаемым источником вдохновения для кинематографистов, да и само его имя стало нарицательным. Сам Борхес восхищался его рассказами, в которых место человека на далекой периферии вселенской схемы вещей, а силы надмирные вселяют в души неосторожных священный ужас. Данный сборник включает рассказы и повести, написанные Лавкрафтом в соавторстве.');
INSERT INTO `book` (`id`, `title`, `author_id`, `year`, `genre_id`, `price`, `availability`, `info`) VALUES
(59, 'В метре друг от друга', 50, 2009, 1, 30, 4, '\"Прикосновение... Чувствовать тепло любимого человека порой необходимо нам как воздух. Такое понимаешь, только когда этого лишаешься\".<br>\r\n\r\nУ Стеллы серьезное заболевание легких. Но проводя время в больнице, девушка не унывает. Она ведет популярный видеоблог, в котором рассказывает о своей болезни и делится с подписчиками всеми радостями и горестями. Уилл полжизни провел в клиниках и испробовал все виды экспериментального лечения. Он ждет-не дождется когда станет совершеннолетним и сможет жить так, как ему хочется, вырвавшись за пределы ненавистных больничных стен. Они встретились, когда больше всего нуждались в этом. Вот только их любовь обречена, ведь Уилл никогда не сможет коснуться Стеллы. Его прикосновение смертельно для девушки. Но истинная любовь не знает ни границ, ни запретов, и она определенно стоит целой жизни...'),
(60, 'В темноте', 51, 2014, 1, 18, 5, 'Когда в городе началось массовое истребление, они спустились под землю, в канализацию. 12 мужчин, 7 женщин и 2 детей.\r\n<br>\r\n424 дня они провели без света, с ограниченным запасом еды и воды, полные ненависти друг к другу. С одной целью - спасти свою жизнь.\r\n<br>\r\nНо стоит ли спасать такую жизнь?\r\n<br>\r\nРеальная история.');

-- --------------------------------------------------------

--
-- Структура таблицы `genre`
--

CREATE TABLE `genre` (
  `id` int(11) NOT NULL,
  `title` varchar(255) NOT NULL
) ENGINE=InnoDB DEFAULT CHARSET=utf8;

--
-- Дамп данных таблицы `genre`
--

INSERT INTO `genre` (`id`, `title`) VALUES
(1, 'Modern'),
(2, 'Classic'),
(3, 'Fantasy'),
(4, 'Detective'),
(5, 'Mystic'),
(6, 'Culinary'),
(7, 'Health'),
(8, 'Business'),
(9, 'History');

--
-- Индексы сохранённых таблиц
--

--
-- Индексы таблицы `authors`
--
ALTER TABLE `authors`
  ADD PRIMARY KEY (`id`);

--
-- Индексы таблицы `book`
--
ALTER TABLE `book`
  ADD PRIMARY KEY (`id`),
  ADD KEY `jenre_id` (`genre_id`),
  ADD KEY `author_id` (`author_id`);

--
-- Индексы таблицы `genre`
--
ALTER TABLE `genre`
  ADD PRIMARY KEY (`id`);

--
-- AUTO_INCREMENT для сохранённых таблиц
--

--
-- AUTO_INCREMENT для таблицы `authors`
--
ALTER TABLE `authors`
  MODIFY `id` int(11) NOT NULL AUTO_INCREMENT, AUTO_INCREMENT=52;

--
-- AUTO_INCREMENT для таблицы `book`
--
ALTER TABLE `book`
  MODIFY `id` int(11) NOT NULL AUTO_INCREMENT, AUTO_INCREMENT=93;

--
-- AUTO_INCREMENT для таблицы `genre`
--
ALTER TABLE `genre`
  MODIFY `id` int(11) NOT NULL AUTO_INCREMENT, AUTO_INCREMENT=11;

--
-- Ограничения внешнего ключа сохраненных таблиц
--

--
-- Ограничения внешнего ключа таблицы `book`
--
ALTER TABLE `book`
  ADD CONSTRAINT `book_ibfk_1` FOREIGN KEY (`genre_id`) REFERENCES `genre` (`id`),
  ADD CONSTRAINT `book_ibfk_2` FOREIGN KEY (`author_id`) REFERENCES `authors` (`id`);
COMMIT;

/*!40101 SET CHARACTER_SET_CLIENT=@OLD_CHARACTER_SET_CLIENT */;
/*!40101 SET CHARACTER_SET_RESULTS=@OLD_CHARACTER_SET_RESULTS */;
/*!40101 SET COLLATION_CONNECTION=@OLD_COLLATION_CONNECTION */;
